City_ID,City,Country,Date,Lat,Lng,Max Temp,Humidity,Cloudiness,Wind Speed
0,Kerman,IR,2022-08-02 23:31:46,30.2832,57.0788,71.46,28,0,9.22
1,Mount Gambier,AU,2022-08-02 23:31:47,-37.8333,140.7667,53.51,87,75,17.27
2,Barrow,US,2022-08-02 23:28:57,71.2906,-156.7887,42.82,81,0,10.36
3,Dzilam Gonzalez,MX,2022-08-02 23:31:47,21.2833,-88.9333,82.89,79,79,10.67
4,Bengkulu,ID,2022-08-02 23:31:48,-3.8004,102.2655,74.53,90,64,4.0
5,Punta Arenas,CL,2022-08-02 23:24:51,-53.15,-70.9167,39.31,93,75,2.3
6,Henties Bay,NA,2022-08-02 23:31:48,-22.116,14.2845,52.86,79,0,4.97
7,Atuona,PF,2022-08-02 23:28:46,-9.8,-139.0333,77.31,76,9,14.58
8,Kapaa,US,2022-08-02 23:25:25,22.0752,-159.319,84.52,66,20,16.11
9,Benoy,TD,2022-08-02 23:31:49,8.9833,16.3199,70.72,94,100,4.65
10,Jamestown,US,2022-08-02 23:31:50,42.097,-79.2353,74.05,47,100,6.91
11,Airai,TL,2022-08-02 23:31:34,-8.9266,125.4092,66.52,42,64,2.37
12,Albany,US,2022-08-02 23:28:09,42.6001,-73.9662,82.81,55,35,1.99
13,Victoria,HK,2022-08-02 23:28:20,22.2855,114.1577,84.38,83,100,3.0
14,Korla,CN,2022-08-02 23:31:50,41.7597,86.1469,75.22,45,1,3.53
15,Los Llanos De Aridane,ES,2022-08-02 23:31:51,28.6585,-17.9182,67.75,83,20,18.41
16,Georgetown,MY,2022-08-02 23:30:07,5.4112,100.3354,78.89,93,40,9.22
17,Vila,PT,2022-08-02 23:31:51,42.0304,-8.1588,63.7,84,0,3.89
18,Taonan,CN,2022-08-02 23:31:52,45.3333,122.7833,75.85,74,100,7.74
19,Flinders,AU,2022-08-02 23:29:46,-34.5833,150.8552,58.37,71,97,8.99
20,Barranca,PE,2022-08-02 23:31:52,-10.75,-77.7667,60.96,83,22,9.91
21,Bubaque,GW,2022-08-02 23:31:52,11.2833,-15.8333,79.02,83,68,10.09
22,Puerto Escondido,MX,2022-08-02 23:29:07,15.85,-97.0667,85.03,61,75,3.44
23,Cidreira,BR,2022-08-02 23:31:53,-30.1811,-50.2056,60.51,86,52,10.11
24,Aklavik,CA,2022-08-02 23:31:53,68.2191,-135.0107,51.8,76,75,11.5
25,Ushuaia,AR,2022-08-02 23:27:14,-54.8,-68.3,35.26,100,75,5.75
26,Niltepec,MX,2022-08-02 23:31:54,16.5667,-94.6167,85.01,68,14,11.16
27,Thompson,CA,2022-08-02 23:30:12,55.7435,-97.8558,57.36,94,75,2.3
28,Beringovskiy,RU,2022-08-02 23:31:54,63.05,179.3167,57.33,65,68,3.36
29,Campo Verde,BR,2022-08-02 23:31:55,-20.4167,-54.0667,73.99,30,30,4.07
30,East London,ZA,2022-08-02 23:31:55,-33.0153,27.9116,65.61,61,65,5.32
31,Takab,IR,2022-08-02 23:31:55,36.4009,47.1133,69.93,27,0,2.55
32,Tongliao,CN,2022-08-02 23:31:56,43.6125,122.2653,76.96,85,98,6.38
33,Chokurdakh,RU,2022-08-02 23:31:57,70.6333,147.9167,56.48,56,100,7.43
34,Castro,BR,2022-08-02 23:29:35,-24.7911,-50.0119,60.42,63,0,3.42
35,Puerto Ayora,EC,2022-08-02 23:31:57,-0.7393,-90.3518,70.56,86,52,5.99
36,Pochutla,MX,2022-08-02 23:31:57,15.7432,-96.4661,84.81,71,50,4.83
37,Pevek,RU,2022-08-02 23:28:51,69.7008,170.3133,39.45,100,100,2.35
38,Hermanus,ZA,2022-08-02 23:31:58,-34.4187,19.2345,46.8,82,11,2.44
39,Kodiak,US,2022-08-02 23:31:58,57.79,-152.4072,63.91,52,40,20.71
40,Avarua,CK,2022-08-02 23:29:39,-21.2078,-159.775,77.05,57,100,11.5
41,Katsuura,JP,2022-08-02 23:30:19,35.1333,140.3,85.19,80,93,11.63
42,Berezovyy,RU,2022-08-02 23:32:59,51.6667,135.7,63.72,91,100,2.04
43,Yeppoon,AU,2022-08-02 23:33:00,-23.1333,150.7333,67.78,82,17,8.81
44,Nha Trang,VN,2022-08-02 23:30:39,12.25,109.1833,78.8,86,100,4.23
45,Tikrit,IQ,2022-08-02 23:33:00,34.6071,43.6782,94.91,21,0,10.11
46,Ucluelet,CA,2022-08-02 23:30:12,48.9329,-125.5528,62.1,85,80,6.55
47,Lompoc,US,2022-08-02 23:31:25,34.6391,-120.4579,76.84,70,0,14.97
48,Hobart,AU,2022-08-02 23:25:29,-42.8794,147.3294,53.26,74,75,8.05
49,Isangel,VU,2022-08-02 23:28:50,-19.55,169.2667,80.6,78,100,5.77
50,Sinnamary,GF,2022-08-02 23:33:01,5.3833,-52.95,78.53,87,92,9.48
51,Tasiilaq,GL,2022-08-02 23:33:01,65.6145,-37.6368,42.96,61,21,4.07
52,Tura,IN,2022-08-02 23:33:02,25.5198,90.2201,74.82,94,100,3.13
53,Cape Town,ZA,2022-08-02 23:26:54,-33.9258,18.4232,58.37,87,75,8.05
54,Bredasdorp,ZA,2022-08-02 23:29:38,-34.5322,20.0403,49.55,85,40,3.09
55,Chuy,UY,2022-08-02 23:31:38,-33.6971,-53.4616,54.25,96,56,4.83
56,Port Augusta,AU,2022-08-02 23:33:02,-32.5,137.7667,63.59,55,38,15.88
57,Laguna,US,2022-08-02 23:33:03,38.421,-121.4238,105.31,29,0,9.22
58,Faanui,PF,2022-08-02 23:33:03,-16.4833,-151.75,78.46,66,30,22.82
59,Pangody,RU,2022-08-02 23:30:46,65.85,74.4859,56.05,67,13,2.75
60,Rikitea,PF,2022-08-02 23:28:45,-23.1203,-134.9692,72.37,76,63,20.38
61,Poum,NC,2022-08-02 23:31:22,-20.2333,164.0167,75.2,86,69,16.04
62,Busselton,AU,2022-08-02 23:29:36,-33.65,115.3333,53.56,69,97,31.59
63,Port Alfred,ZA,2022-08-02 23:29:41,-33.5906,26.891,66.43,55,64,7.74
64,Linhares,BR,2022-08-02 23:33:04,-19.3911,-40.0722,67.17,92,14,3.38
65,Hasaki,JP,2022-08-02 23:30:43,35.7333,140.8333,88.29,79,91,5.86
66,New Norfolk,AU,2022-08-02 23:33:05,-42.7826,147.0587,53.92,77,100,5.17
67,Asosa,ET,2022-08-02 23:33:05,10.0667,34.5333,56.34,96,73,2.06
68,Mount Isa,AU,2022-08-02 23:33:06,-20.7333,139.5,71.37,43,25,0.0
69,Port Lincoln,AU,2022-08-02 23:30:42,-34.7333,135.8667,56.68,64,0,21.68
70,Sistranda,NO,2022-08-02 23:33:06,63.7256,8.834,58.96,85,100,10.38
71,Butaritari,KI,2022-08-02 23:30:48,3.0707,172.7902,82.44,72,95,15.46
72,Port-Cartier,CA,2022-08-02 23:33:07,50.0334,-66.8654,67.68,75,99,14.54
73,Tuktoyaktuk,CA,2022-08-02 23:30:37,69.4541,-133.0374,51.8,87,75,13.8
74,Khatanga,RU,2022-08-02 23:33:07,71.9667,102.5,45.27,68,100,5.35
75,Port Elizabeth,ZA,2022-08-02 23:33:07,-33.918,25.5701,58.32,72,0,3.0
76,Nikolskoye,RU,2022-08-02 23:30:05,59.7035,30.7861,59.81,91,77,4.7
77,Vaini,TO,2022-08-02 23:29:00,-21.2,-175.2,78.96,94,20,11.5
78,Aleksandrov Gay,RU,2022-08-02 23:33:08,50.147,48.5704,72.21,45,20,8.16
79,Longyearbyen,SJ,2022-08-02 23:32:35,78.2186,15.6401,51.64,82,75,3.44
80,Suarez,CO,2022-08-02 23:33:09,2.954,-76.6964,68.85,96,96,2.68
81,Olonets,RU,2022-08-02 23:33:09,60.9847,32.9698,56.46,95,20,5.08
82,Dospat,BG,2022-08-02 23:33:09,41.65,24.1667,56.14,69,70,3.56
83,Middletown,US,2022-08-02 23:33:10,39.5151,-84.3983,86.11,66,0,48.99
84,Upernavik,GL,2022-08-02 23:29:34,72.7868,-56.1549,45.43,75,87,4.99
85,Bluff,NZ,2022-08-02 23:31:26,-46.6,168.3333,44.8,77,46,32.79
86,Saldanha,ZA,2022-08-02 23:29:00,-33.0117,17.9442,53.65,91,22,8.59
87,Drayton Valley,CA,2022-08-02 23:34:11,53.2168,-114.9854,63.3,72,37,10.27
88,Avera,US,2022-08-02 23:34:11,33.194,-82.5271,90.91,43,66,6.67
89,Kahului,US,2022-08-02 23:33:50,20.8947,-156.47,87.82,62,40,23.02
90,Chapais,CA,2022-08-02 23:30:08,49.7834,-74.8492,65.98,62,50,5.48
91,Qaanaaq,GL,2022-08-02 23:34:12,77.484,-69.3632,46.15,60,98,2.28
92,Mataura,NZ,2022-08-02 23:34:12,-46.1927,168.8643,44.47,84,97,10.42
93,Nemuro,JP,2022-08-02 23:34:12,43.3236,145.575,60.82,93,99,10.47
94,Dikson,RU,2022-08-02 23:34:13,73.5069,80.5464,42.33,89,85,10.29
95,Sibu,MY,2022-08-02 23:34:13,2.3,111.8167,75.51,88,40,5.01
96,Codrington,AU,2022-08-02 23:32:38,-38.2667,141.9667,55.49,73,89,21.05
97,Angoram,PG,2022-08-02 23:34:14,-4.0625,144.0661,84.49,68,92,4.32
98,San Rafael,AR,2022-08-02 23:34:14,-34.6177,-68.3301,50.77,49,0,7.31
99,Gornopravdinsk,RU,2022-08-02 23:34:15,60.05,69.9,52.14,80,45,3.15
100,Coquimbo,CL,2022-08-02 23:33:23,-29.9533,-71.3436,53.33,76,100,1.14
101,Nefteyugansk,RU,2022-08-02 23:34:15,61.0998,72.6035,54.82,73,34,6.15
102,Kirksville,US,2022-08-02 23:34:15,40.1948,-92.5833,91.35,67,0,12.66
103,San Joaquin,US,2022-08-02 23:34:16,37.9333,-121.3011,100.47,29,0,11.5
104,Ixtapa,MX,2022-08-02 23:34:16,20.7,-105.2,88.23,66,75,5.75
105,Mar Del Plata,AR,2022-08-02 23:30:03,-38.0023,-57.5575,55.09,97,100,6.91
106,Bethel,US,2022-08-02 23:29:43,41.3712,-73.414,87.76,84,100,3.44
107,Chattanooga,US,2022-08-02 23:30:33,35.0456,-85.3097,87.46,79,68,2.21
108,Saint-Philippe,RE,2022-08-02 23:29:33,-21.3585,55.7679,65.21,80,37,6.53
109,Lebu,CL,2022-08-02 23:34:17,-37.6167,-73.65,47.61,81,0,16.71
110,Jidong,CN,2022-08-02 23:34:17,45.2167,131.0833,77.72,84,100,3.18
111,Ponta Do Sol,PT,2022-08-02 23:31:27,32.6667,-17.1,71.71,82,9,5.37
112,Kikwit,CD,2022-08-02 23:34:18,-5.041,18.8162,80.8,43,82,2.04
113,Camacha,PT,2022-08-02 23:34:18,33.0833,-16.3333,67.42,73,75,13.8
114,Esperance,AU,2022-08-02 23:34:19,-33.8667,121.9,48.04,64,28,30.27
115,Borzya,RU,2022-08-02 23:34:19,50.3833,116.5167,76.15,60,86,6.13
116,Lata,PT,2022-08-02 23:34:19,40.1629,-8.3327,60.91,96,6,1.1
117,Belyy Yar,RU,2022-08-02 23:34:20,53.6039,91.3903,57.09,77,0,0.0
118,Komsomolskiy,UZ,2022-08-02 23:34:20,40.4272,71.7189,72.32,53,56,5.75
119,Dubai,AE,2022-08-02 23:30:06,25.2582,55.3047,98.53,41,0,3.44
120,Bathsheba,BB,2022-08-02 23:34:21,13.2167,-59.5167,83.01,87,20,18.41
121,Lethem,GY,2022-08-02 23:34:21,3.3803,-59.7968,76.21,89,87,5.61
122,Yantal,RU,2022-08-02 23:34:21,56.8471,105.2542,56.64,96,100,9.8
123,Shache,CN,2022-08-02 23:34:22,38.4167,77.2406,77.72,50,95,9.93
124,Mkushi,ZM,2022-08-02 23:34:22,-13.6202,29.3939,53.64,90,40,6.49
125,Gibraltar,GI,2022-08-02 23:32:44,36.1447,-5.3526,75.15,88,100,9.22
126,Batsfjord,NO,2022-08-02 23:34:23,70.6345,29.7185,55.18,94,86,13.8
127,Lasa,IT,2022-08-02 23:34:23,46.6166,10.7002,65.28,88,65,2.35
128,Guerrero Negro,MX,2022-08-02 23:30:45,27.9769,-114.0611,77.56,61,100,18.84
129,Stupino,RU,2022-08-02 23:34:24,54.9008,38.0708,61.83,78,98,6.13
130,Vao,NC,2022-08-02 23:34:24,-22.6667,167.4833,73.09,86,81,13.4
131,Baykit,RU,2022-08-02 23:30:44,61.67,96.37,53.62,92,100,2.62
132,Qaqortoq,GL,2022-08-02 23:34:25,60.7167,-46.0333,46.0,79,41,3.04
133,Hami,CN,2022-08-02 23:35:25,42.8,93.45,72.91,65,35,6.58
134,Cherskiy,RU,2022-08-02 23:35:25,68.75,161.3,48.49,97,100,4.34
135,Yenagoa,NG,2022-08-02 23:35:26,4.9247,6.2642,72.01,91,37,3.6
136,Prince Rupert,CA,2022-08-02 23:35:26,54.3161,-130.3201,56.89,94,100,9.22
137,Vardo,NO,2022-08-02 23:35:27,70.3705,31.1107,53.58,87,79,0.0
138,Jacqueville,CI,2022-08-02 23:35:27,5.2052,-4.4146,75.15,76,63,9.91
139,Hithadhoo,MV,2022-08-02 23:35:27,-0.6,73.0833,79.86,77,73,11.79
140,Seymchan,RU,2022-08-02 23:33:18,62.8833,152.4333,72.43,52,100,8.05
141,Talaya,RU,2022-08-02 23:35:28,61.3833,152.75,68.47,54,100,9.53
142,Faridabad,IN,2022-08-02 23:35:28,28.4333,77.3167,89.49,61,100,2.77
143,Jalu,LY,2022-08-02 23:35:28,29.0331,21.5482,79.95,57,0,15.61
144,Zhangye,CN,2022-08-02 23:32:18,38.9342,100.4517,70.21,64,47,2.57
145,Kaitangata,NZ,2022-08-02 23:29:46,-46.2817,169.8464,51.39,69,41,15.21
146,Beloha,MG,2022-08-02 23:35:29,-25.1667,45.05,61.99,70,0,11.45
147,Yellowknife,CA,2022-08-02 23:34:09,62.456,-114.3525,70.32,30,20,8.05
148,Dukat,RU,2022-08-02 23:35:30,62.55,155.55,56.86,76,100,7.38
149,Laurel,US,2022-08-02 23:30:31,39.0993,-76.8483,90.86,64,0,8.05
150,Okakarara,NA,2022-08-02 23:35:30,-20.5833,17.4333,39.29,25,3,5.23
151,Mendi,PG,2022-08-02 23:35:31,-6.1761,143.6513,68.16,61,89,2.95
152,Eureka,US,2022-08-02 23:35:31,40.8021,-124.1637,75.2,74,31,3.0
153,Ananas,HT,2022-08-02 23:35:32,19.2466,-71.9557,72.91,87,5,6.6
154,Kavieng,PG,2022-08-02 23:35:32,-2.5744,150.7967,84.31,72,55,16.13
155,Hilo,US,2022-08-02 23:29:39,19.7297,-155.09,81.28,91,100,8.05
156,Vesyegonsk,RU,2022-08-02 23:35:32,58.664,37.2604,58.96,88,93,3.47
157,Mehamn,NO,2022-08-02 23:35:33,71.0357,27.8492,51.75,93,100,5.75
158,Asau,RO,2022-08-02 23:35:33,46.4333,26.4,60.28,67,1,5.03
159,Bosaso,SO,2022-08-02 23:32:50,11.2842,49.1816,91.36,38,2,17.49
160,Naryan-Mar,RU,2022-08-02 23:35:34,67.6713,53.087,61.77,66,100,7.38
161,Fort Nelson,CA,2022-08-02 23:29:43,58.8053,-122.7002,71.19,53,75,4.61
162,Geraldton,AU,2022-08-02 23:35:34,-28.7667,114.6,59.41,77,75,12.66
163,Strathpeffer,GB,2022-08-02 23:35:34,57.588,-4.5382,61.16,84,96,8.55
164,Abha,SA,2022-08-02 23:35:35,18.2164,42.5053,62.42,88,0,5.75
165,Batagay,RU,2022-08-02 23:35:35,67.6333,134.6333,54.77,71,78,3.98
166,Constitucion,CL,2022-08-02 23:34:07,-35.3333,-72.4167,48.87,77,0,7.16
167,Ngunguru,NZ,2022-08-02 23:35:35,-35.6167,174.5,60.64,74,100,4.92
168,Bambous Virieux,MU,2022-08-02 23:35:36,-20.3428,57.7575,68.25,88,75,6.91
169,Livingston,GB,2022-08-02 23:35:36,55.9029,-3.5226,63.48,73,0,13.8
170,Nantucket,US,2022-08-02 23:33:48,41.2835,-70.0995,80.71,94,100,9.22
171,Berdigestyakh,RU,2022-08-02 23:35:37,62.0989,126.6992,70.34,80,70,2.06
172,Shahr-E Kord,IR,2022-08-02 23:35:37,32.3256,50.8644,69.57,30,20,6.91
173,Altamira,BR,2022-08-02 23:35:37,-3.2033,-52.2064,77.56,70,89,2.28
174,Rio Grande,BR,2022-08-02 23:35:38,-32.035,-52.0986,55.94,90,54,6.69
175,Santa Catarina De Tepehuanes,MX,2022-08-02 23:35:38,25.35,-105.7333,72.7,51,83,8.63
176,Dudinka,RU,2022-08-02 23:31:28,69.4058,86.1778,43.63,63,8,11.05
177,Verkhnevilyuysk,RU,2022-08-02 23:35:39,63.4453,120.3167,62.17,59,59,7.27
178,Xihe,CN,2022-08-02 23:35:39,31.6864,113.4659,86.16,71,0,4.54
179,Opuwo,NA,2022-08-02 23:35:40,-18.0607,13.84,46.99,14,93,1.81
180,Andenes,NO,2022-08-02 23:36:40,69.3143,16.1194,51.93,93,100,2.3
181,Padang,ID,2022-08-02 23:36:41,-0.9492,100.3543,75.81,93,100,3.94
182,Port Macquarie,AU,2022-08-02 23:36:41,-31.4333,152.9167,63.34,50,86,7.47
183,Hervey Bay,AU,2022-08-02 23:36:42,-25.2986,152.8535,63.01,94,51,4.0
184,Porto Santo,PT,2022-08-02 23:36:42,33.072,-16.3415,70.18,73,75,13.8
185,Salinas,US,2022-08-02 23:36:42,36.6777,-121.6555,88.61,67,0,14.97
186,Formiga,BR,2022-08-02 23:33:27,-20.4644,-45.4264,69.22,40,74,4.43
187,Imeni Poliny Osipenko,RU,2022-08-02 23:36:43,52.4201,136.4853,61.54,89,100,5.32
188,Estelle,US,2022-08-02 23:36:43,29.8458,-90.1067,84.18,74,75,6.91
189,San Patricio,US,2022-08-02 23:32:05,28.017,-97.5169,94.17,53,7,20.76
190,San Antonio,US,2022-08-02 23:35:56,29.4241,-98.4936,104.05,30,20,14.97
191,Kulhudhuffushi,MV,2022-08-02 23:36:44,6.6221,73.07,80.78,78,95,21.52
192,Itarema,BR,2022-08-02 23:32:34,-2.9248,-39.9167,78.67,83,31,14.45
193,Paracatu,BR,2022-08-02 23:36:44,-17.2222,-46.8747,73.04,41,56,2.48
194,Baoqing,CN,2022-08-02 23:36:45,46.3317,132.2111,84.58,58,5,5.84
195,Casper,US,2022-08-02 23:35:42,42.8666,-106.3131,78.82,46,100,4.61
196,Kalabo,ZM,2022-08-02 23:36:46,-14.97,22.6814,59.45,50,6,6.82
197,Anadyr,RU,2022-08-02 23:36:46,64.75,177.4833,66.7,52,0,4.47
198,Lagoa,PT,2022-08-02 23:36:46,39.05,-27.9833,74.28,85,15,16.06
199,Norman Wells,CA,2022-08-02 23:36:47,65.282,-126.8329,77.04,41,75,6.91
200,Tromso,NO,2022-08-02 23:34:59,69.6496,18.957,51.82,82,100,5.75
201,Igarka,RU,2022-08-02 23:36:47,67.4667,86.5833,46.94,73,1,7.18
202,Nahrin,AF,2022-08-02 23:36:48,36.0649,69.1334,69.64,43,6,3.6
203,Saint George,US,2022-08-02 23:35:23,37.1041,-113.5841,100.44,24,0,11.5
204,Kununurra,AU,2022-08-02 23:36:48,-15.7667,128.7333,64.38,82,24,0.0
205,Develi,TR,2022-08-02 23:36:49,38.3906,35.4922,67.35,56,0,2.59
206,Makushino,RU,2022-08-02 23:36:49,55.2103,67.2442,53.19,85,16,7.49
207,Staroaleyskoye,RU,2022-08-02 23:36:49,51.0061,82.0,59.34,93,31,1.19
208,Ostrovnoy,RU,2022-08-02 23:36:50,68.0531,39.5131,53.91,96,23,4.68
209,Presidente Medici,BR,2022-08-02 23:36:50,-11.1753,-61.9014,82.0,36,72,3.69
210,Axim,GH,2022-08-02 23:36:51,4.8699,-2.2405,73.09,78,45,7.47
211,Comodoro Rivadavia,AR,2022-08-02 23:36:51,-45.8667,-67.5,40.86,56,0,9.22
212,Broome,US,2022-08-02 23:36:52,42.2506,-75.833,78.55,60,0,12.66
213,Haines Junction,CA,2022-08-02 23:36:52,60.7522,-137.5108,57.15,77,100,1.14
214,Carnarvon,AU,2022-08-02 23:36:52,-24.8667,113.6333,67.42,60,92,17.72
215,Port Blair,IN,2022-08-02 23:36:53,11.6667,92.75,77.04,94,100,2.3
216,Baruun-Urt,MN,2022-08-02 23:36:53,46.6806,113.2792,73.44,60,3,2.01
217,Ancud,CL,2022-08-02 23:36:53,-41.8697,-73.8203,46.22,89,99,4.83
218,Waterloo,CA,2022-08-02 23:36:35,43.4668,-80.5164,75.07,56,0,11.5
219,Houma,US,2022-08-02 23:36:54,29.5958,-90.7195,82.0,79,0,3.0
220,Aksu,CN,2022-08-02 23:36:54,41.1231,80.2644,74.37,50,87,6.6
221,Westport,US,2022-08-02 23:36:55,41.1415,-73.3579,87.85,65,0,9.22
222,Severo-Kurilsk,RU,2022-08-02 23:36:55,50.6789,156.125,56.35,76,26,7.31
223,San Luis,AR,2022-08-02 23:36:55,-33.295,-66.3356,54.72,56,28,8.79
224,Kaka,TM,2022-08-02 23:36:56,37.3482,59.6143,83.46,27,0,6.71
225,Alofi,NU,2022-08-02 23:29:40,-19.0595,-169.9187,78.69,65,75,18.41
226,Kupang,ID,2022-08-02 23:36:56,-10.1667,123.5833,77.67,65,46,6.38
227,Champerico,GT,2022-08-02 23:29:47,14.3,-91.9167,90.14,72,6,8.48
228,Tame,CO,2022-08-02 23:37:57,6.461,-71.73,71.8,89,99,3.38
229,Tuatapere,NZ,2022-08-02 23:37:57,-46.1333,167.6833,50.02,77,87,14.27
230,Simdega,IN,2022-08-02 23:37:58,22.6167,84.5167,78.17,84,100,1.77
231,Santa Marinella,IT,2022-08-02 23:37:58,42.0345,11.8536,73.31,61,14,2.15
232,Coihaique,CL,2022-08-02 23:37:58,-45.5752,-72.0662,39.81,75,75,4.61
233,Srednekolymsk,RU,2022-08-02 23:37:59,67.45,153.6833,61.63,88,100,10.63
234,Conceicao Do Araguaia,BR,2022-08-02 23:37:59,-8.2578,-49.2647,79.2,33,80,3.44
235,Freetown,SL,2022-08-02 23:38:00,8.484,-13.2299,76.71,94,75,4.61
236,Kruisfontein,ZA,2022-08-02 23:38:00,-34.0033,24.7314,57.18,55,1,5.97
237,Caravelas,BR,2022-08-02 23:38:00,-17.7125,-39.2481,69.42,84,8,4.85
238,Clyde River,CA,2022-08-02 23:38:01,70.4692,-68.5914,37.63,100,100,4.61
239,Hualmay,PE,2022-08-02 23:38:01,-11.0964,-77.6139,62.1,81,16,12.86
240,Sur,OM,2022-08-02 23:38:01,22.5667,59.5289,88.21,64,26,7.63
241,Mayo,US,2022-08-02 23:33:47,38.8876,-76.5119,91.35,68,0,5.75
242,Trojes,AL,2022-08-02 23:38:02,41.756,19.962,64.89,49,1,8.19
243,Mildura,AU,2022-08-02 23:38:02,-34.2,142.15,58.06,82,47,15.57
244,Chicama,PE,2022-08-02 23:38:03,-7.8447,-79.1469,59.54,84,20,7.96
245,Rorvik,NO,2022-08-02 23:38:03,64.8621,11.2373,56.95,76,100,9.86
246,Tarragona,ES,2022-08-02 23:38:04,41.129,1.249,81.39,73,0,5.01
247,Tiksi,RU,2022-08-02 23:38:04,71.6872,128.8694,39.92,85,100,6.67
248,Saint Anthony,US,2022-08-02 23:38:04,45.0205,-93.218,94.93,60,75,20.71
249,Tabou,CI,2022-08-02 23:38:05,4.423,-7.3528,75.13,73,100,5.99
250,Batagay-Alyta,RU,2022-08-02 23:38:05,67.8006,130.4114,46.85,83,100,3.2
251,Sao Filipe,CV,2022-08-02 23:36:31,14.8961,-24.4956,77.94,81,74,5.14
252,Suez,EG,2022-08-02 23:38:06,29.9737,32.5263,77.11,73,7,8.16
253,Port Hardy,CA,2022-08-02 23:38:06,50.6996,-127.4199,60.98,77,75,9.22
254,Dinar,TR,2022-08-02 23:38:07,38.065,30.1656,75.16,56,2,6.4
255,Touros,BR,2022-08-02 23:38:07,-5.1989,-35.4608,75.52,87,32,7.2
256,Tateyama,JP,2022-08-02 23:38:07,34.9833,139.8667,88.11,83,89,10.45
257,Platanos,GR,2022-08-02 23:38:08,37.6667,21.6167,78.08,72,1,3.87
258,Souillac,MU,2022-08-02 23:36:37,-20.5167,57.5167,68.38,88,75,6.91
259,Inhambane,MZ,2022-08-02 23:38:08,-23.865,35.3833,62.67,69,19,4.12
260,Wanlaweyn,SO,2022-08-02 23:38:09,2.6185,44.8938,73.17,81,10,13.82
261,Ciudad Bolivar,VE,2022-08-02 23:38:09,8.1222,-63.5497,78.82,81,83,10.33
262,Bourail,NC,2022-08-02 23:38:09,-21.5667,165.4833,75.45,82,100,5.75
263,Mahebourg,MU,2022-08-02 23:33:53,-20.4081,57.7,68.29,88,75,6.91
264,San Lorenzo,PY,2022-08-02 23:38:10,-25.3333,-57.5333,76.59,57,31,3.44
265,Cayenne,GF,2022-08-02 23:38:10,4.9333,-52.3333,83.08,1,20,1.01
266,Sirjan,IR,2022-08-02 23:38:11,29.452,55.6814,75.11,34,6,5.93
267,Lachhmangarh,IN,2022-08-02 23:38:11,27.8214,75.0251,84.76,68,100,7.65
268,Luyang,CN,2022-08-02 23:38:12,27.6239,110.0989,82.11,68,49,2.01
269,Impfondo,CG,2022-08-02 23:38:12,1.6381,18.0667,72.36,79,10,1.03
270,Sitka,US,2022-08-02 23:36:21,57.0531,-135.33,57.09,88,100,3.44
271,Xining,CN,2022-08-02 23:38:12,36.6167,101.7667,66.2,72,40,2.39
272,Batemans Bay,AU,2022-08-02 23:38:13,-35.7167,150.1833,58.1,57,80,8.99
273,Sukagawa,JP,2022-08-02 23:38:13,37.2833,140.3833,81.88,78,75,4.61
274,Palmer,US,2022-08-02 23:36:55,42.1584,-72.3287,81.21,76,75,0.0
275,Phuket,TH,2022-08-02 23:39:14,8.0,98.25,84.13,94,40,2.3
276,Ribeira Grande,PT,2022-08-02 23:39:14,38.5167,-28.7,75.4,83,50,13.69
277,Palanga,LT,2022-08-02 23:39:14,55.9175,21.0686,55.42,94,75,3.44
278,Pingdingshan,CN,2022-08-02 23:39:15,33.7385,113.3012,86.65,66,11,3.71
279,Waddan,LY,2022-08-02 23:39:15,29.1614,16.139,79.66,51,0,13.02
280,Kuito,AO,2022-08-02 23:39:15,-12.3833,16.9333,57.31,49,22,7.67
281,Zyryanka,RU,2022-08-02 23:39:16,65.75,150.85,62.94,91,100,13.87
282,Aksarka,RU,2022-08-02 23:39:16,66.5606,67.7975,56.34,71,40,7.54
283,Vadinsk,RU,2022-08-02 23:39:17,53.6916,43.0574,60.53,74,97,6.6
284,Klaksvik,FO,2022-08-02 23:39:17,62.2266,-6.589,49.12,90,100,18.81
285,Barao De Melgaco,BR,2022-08-02 23:39:17,-16.1944,-55.9675,77.49,27,96,3.2
286,Yar-Sale,RU,2022-08-02 23:36:44,66.8333,70.8333,56.55,66,16,7.96
287,Kirovskiy,RU,2022-08-02 23:39:18,45.0917,133.5136,79.43,81,100,4.61
288,Ahipara,NZ,2022-08-02 23:39:18,-35.1667,173.1667,61.9,70,100,3.91
289,Itambe,BR,2022-08-02 23:39:19,-15.245,-40.6244,66.2,78,61,3.06
290,Grindavik,IS,2022-08-02 23:39:19,63.8424,-22.4338,48.67,76,75,18.41
291,Rio Gallegos,AR,2022-08-02 23:39:19,-51.6226,-69.2181,35.65,87,0,1.14
292,Fare,PF,2022-08-02 23:39:20,-16.7,-151.0167,78.21,70,4,23.4
293,Provideniya,RU,2022-08-02 23:39:20,64.3833,-173.3,59.36,58,0,13.42
294,Edelira,PY,2022-08-02 23:39:21,-26.75,-55.2667,64.85,76,14,3.56
295,Sept-Iles,CA,2022-08-02 23:39:21,50.2001,-66.3821,68.0,94,75,5.75
296,Hun,LY,2022-08-02 23:39:22,29.1268,15.9477,80.44,48,0,12.3
297,Namibe,AO,2022-08-02 23:39:22,-15.1961,12.1522,59.22,76,10,6.31
298,Leshukonskoye,RU,2022-08-02 23:39:23,64.8989,45.7622,60.57,76,99,9.01
299,Mitsamiouli,KM,2022-08-02 23:39:23,-11.3847,43.2844,74.89,73,6,3.87
300,Petropavlovsk-Kamchatskiy,RU,2022-08-02 23:39:23,53.0452,158.6483,64.78,63,75,4.47
301,Half Moon Bay,US,2022-08-02 23:39:24,37.4636,-122.4286,90.91,70,40,25.32
302,Ninghai,CN,2022-08-02 23:39:24,29.2892,121.4247,83.55,79,47,3.06
303,Sola,VU,2022-08-02 23:39:24,-13.8833,167.55,81.46,78,4,14.94
304,Gold Coast,AU,2022-08-02 23:37:23,-28.0,153.4333,69.19,86,100,6.91
305,Chapleau,CA,2022-08-02 23:39:25,47.8405,-83.4034,73.49,49,75,8.05
306,Sobolevo,RU,2022-08-02 23:39:25,54.4299,31.8996,61.84,91,100,6.82
307,Quang Ngai,VN,2022-08-02 23:39:26,15.1167,108.8,78.67,86,92,3.96
308,Cootamundra,AU,2022-08-02 23:39:26,-34.65,148.0333,55.53,90,83,17.09
309,Bambanglipuro,ID,2022-08-02 23:39:27,-7.95,110.2833,75.85,89,92,3.69
310,Karratha,AU,2022-08-02 23:38:55,-20.7377,116.8463,64.98,62,0,11.74
311,Saskylakh,RU,2022-08-02 23:39:27,71.9167,114.0833,44.56,73,100,9.86
312,Esmeraldas,BR,2022-08-02 23:39:28,-19.7625,-44.3139,70.84,46,68,6.46
313,Pitmoaga,BF,2022-08-02 23:39:28,12.2397,-1.8767,78.42,83,100,9.37
314,Bumba,CD,2022-08-02 23:39:28,2.1833,22.4667,75.18,75,100,0.85
315,Tymovskoye,RU,2022-08-02 23:39:29,50.8456,142.655,58.98,92,99,7.09
316,Effingham,US,2022-08-02 23:39:29,32.3669,-81.3332,93.65,72,43,7.23
317,Azul,AR,2022-08-02 23:39:30,-36.777,-59.8585,53.35,88,5,4.03
318,Hamilton,US,2022-08-02 23:37:49,39.1834,-84.5333,85.66,64,20,9.22
319,Arvika,SE,2022-08-02 23:39:30,59.6553,12.5852,57.81,99,100,8.05
320,Opotiki,NZ,2022-08-02 23:39:31,-38.0833,177.2833,57.38,74,84,4.99
321,Yambio,SS,2022-08-02 23:39:31,4.5721,28.3955,66.43,89,40,2.91
322,Walvis Bay,NA,2022-08-02 23:39:31,-22.9575,14.5053,49.08,87,3,4.61
323,Praia Da Vitoria,PT,2022-08-02 23:40:32,38.7333,-27.0667,75.45,83,40,4.88
324,Calabozo,VE,2022-08-02 23:40:32,8.9242,-67.4293,76.37,86,98,3.53
325,Sapouy,BF,2022-08-02 23:40:32,11.5544,-1.7736,73.78,88,100,5.61
326,Yaransk,RU,2022-08-02 23:40:33,57.3033,47.8861,59.34,77,100,4.14
327,San Quintin,MX,2022-08-02 23:40:33,30.4833,-115.95,75.76,65,52,14.16
328,Sann,PK,2022-08-02 23:40:33,26.0418,68.1378,82.31,73,14,10.85
329,Yangambi,CD,2022-08-02 23:40:34,0.8102,24.4336,70.54,81,53,0.94
330,Mumford,GH,2022-08-02 23:40:34,5.2618,-0.759,72.16,83,17,10.02
331,Saint-Pierre,RE,2022-08-02 23:40:34,-21.3393,55.4781,65.91,73,3,4.61
332,Belaya Kholunitsa,RU,2022-08-02 23:40:35,58.84,50.8528,54.12,84,5,4.16
333,Robertsport,LR,2022-08-02 23:40:35,6.7533,-11.3686,76.98,82,80,9.24
334,Kariba,ZW,2022-08-02 23:40:35,-16.5167,28.8,60.12,73,14,5.5
335,Vestavia Hills,US,2022-08-02 23:40:36,33.4487,-86.7878,86.59,74,75,9.22
336,Oyotun,PE,2022-08-02 23:40:36,-6.8519,-79.3036,72.12,68,14,2.95
337,Murray Bridge,AU,2022-08-02 23:40:37,-35.1167,139.2667,60.12,56,0,15.79
338,Maragogi,BR,2022-08-02 23:40:37,-9.0122,-35.2225,75.2,89,88,7.29
339,Soyo,AO,2022-08-02 23:40:37,-6.1349,12.3689,68.56,88,38,11.16
340,Roald,NO,2022-08-02 23:40:38,62.5833,6.1333,60.94,88,100,9.22
341,Iqaluit,CA,2022-08-02 23:40:38,63.7506,-68.5145,46.13,72,75,5.75
342,Monterey,US,2022-08-02 23:36:42,36.2505,-121.2516,95.18,26,98,11.92
343,Dalaba,GN,2022-08-02 23:40:38,10.7,-12.25,62.58,99,100,2.82
344,Banfora,BF,2022-08-02 23:40:39,10.6333,-4.7667,72.61,91,86,4.23
345,Bandarbeyla,SO,2022-08-02 23:40:39,9.4942,50.8122,76.3,73,26,28.61
346,Ogdensburg,US,2022-08-02 23:40:39,44.6942,-75.4863,74.05,56,0,5.75
347,Koslan,RU,2022-08-02 23:40:40,63.4564,48.8989,57.85,79,99,4.72
348,Natal,BR,2022-08-02 23:40:40,-5.795,-35.2094,75.42,100,75,2.3
349,Medea,DZ,2022-08-02 23:38:45,36.2642,2.7539,67.59,43,0,1.86
350,Alta Floresta,BR,2022-08-02 23:40:41,-9.8756,-56.0861,78.96,32,99,4.52
351,Kudahuvadhoo,MV,2022-08-02 23:38:14,2.6708,72.8944,81.03,76,100,18.1
352,Kuytun,RU,2022-08-02 23:40:42,54.3419,101.5036,57.83,91,92,3.69
353,Arraial Do Cabo,BR,2022-08-02 23:40:42,-22.9661,-42.0278,70.05,86,1,2.98
354,Torbay,CA,2022-08-02 23:40:43,47.6666,-52.7314,70.57,70,75,13.8
355,Vanimo,PG,2022-08-02 23:40:43,-2.6741,141.3028,83.48,73,94,9.37
356,Imeni Babushkina,RU,2022-08-02 23:40:44,59.7573,43.1285,56.97,84,100,4.79
357,Kavaratti,IN,2022-08-02 23:40:44,10.5669,72.642,78.26,85,100,27.4
358,Anamur,TR,2022-08-02 23:40:45,36.0751,32.8369,83.41,66,2,4.79
359,Flin Flon,CA,2022-08-02 23:38:29,54.7682,-101.865,57.04,88,100,9.22
360,Kurilsk,RU,2022-08-02 23:40:45,45.2333,147.8833,58.51,84,53,10.38
361,Latung,PH,2022-08-02 23:40:46,5.5,120.8833,83.37,73,75,7.56
362,Wolgast,DE,2022-08-02 23:40:46,54.05,13.7667,68.61,42,100,5.91
363,Asfi,MA,2022-08-02 23:40:46,32.2994,-9.2372,72.39,85,11,10.07
364,Mulege,MX,2022-08-02 23:40:47,26.8833,-111.9833,92.23,48,25,6.31
365,Samarai,PG,2022-08-02 23:40:47,-10.6167,150.6667,81.0,83,53,12.57
366,Anshun,CN,2022-08-02 23:40:48,26.25,105.9333,68.27,88,5,4.23
367,Turukhansk,RU,2022-08-02 23:40:48,65.8167,87.9833,54.32,55,54,7.11
368,Mchinji,MW,2022-08-02 23:40:48,-13.7984,32.8802,54.1,93,68,3.94
369,Areosa,PT,2022-08-02 23:40:49,41.7178,-8.8571,64.58,93,6,3.56
370,Mufumbwe,ZM,2022-08-02 23:41:49,-13.6833,24.8,59.65,53,5,10.07
371,Benjamin Hill,MX,2022-08-02 23:41:49,30.1667,-111.1,92.07,38,4,9.15
372,Luoyang,CN,2022-08-02 23:40:14,34.6836,112.4536,82.11,75,0,2.93
373,Rawson,AR,2022-08-02 23:37:49,-43.3002,-65.1023,44.38,59,0,8.46
374,Sioux Lookout,CA,2022-08-02 23:41:50,50.1001,-91.917,75.27,60,75,10.36
375,Visnes,NO,2022-08-02 23:41:50,59.3556,5.2242,62.22,88,20,17.27
376,El Sauzal,MX,2022-08-02 23:41:51,31.9,-116.6833,77.41,75,73,9.57
377,Popondetta,PG,2022-08-02 23:41:51,-8.7537,148.2534,88.48,50,31,3.02
378,Gushikawa,JP,2022-08-02 23:41:52,26.3544,127.8686,86.0,84,0,4.61
379,Shushenskoye,RU,2022-08-02 23:41:52,53.325,91.9356,57.65,88,99,3.4
380,Samana,DO,2022-08-02 23:41:52,19.2056,-69.3369,82.36,82,13,9.98
381,Phangnga,TH,2022-08-02 23:41:53,8.4509,98.5298,77.04,94,100,3.31
382,Binga,ZW,2022-08-02 23:41:53,-17.6203,27.3414,62.46,70,0,7.9
383,Quatre Cocos,MU,2022-08-02 23:41:53,-20.2078,57.7625,68.11,70,3,9.19
384,Saint-Ambroise,CA,2022-08-02 23:41:54,48.5501,-71.3324,66.02,55,91,11.5
385,Yunyang,CN,2022-08-02 23:41:54,33.4474,112.7142,85.32,71,2,2.51
386,Zhuhai,CN,2022-08-02 23:41:54,22.2769,113.5678,83.98,79,20,4.61
387,Roebourne,AU,2022-08-02 23:41:55,-20.7833,117.1333,64.94,61,0,13.13
388,Caningay,PH,2022-08-02 23:41:55,9.8297,122.6442,80.02,79,66,2.75
389,Whitecourt,CA,2022-08-02 23:39:37,54.1502,-115.6855,69.04,45,40,12.66
390,Mehran,IR,2022-08-02 23:41:56,33.1222,46.1646,98.02,17,0,4.59
391,Zenzeli,RU,2022-08-02 23:41:56,45.9241,47.0474,78.62,46,8,1.86
392,Kirkwall,GB,2022-08-02 23:41:56,58.9848,-2.9587,57.25,94,75,9.22
393,Monte San Pietro,IT,2022-08-02 23:41:57,44.4378,11.1357,72.82,72,0,3.44
394,Grand Gaube,MU,2022-08-02 23:41:57,-20.0064,57.6608,68.4,79,0,1.99
395,Chabahar,IR,2022-08-02 23:41:57,25.2919,60.643,82.49,86,90,5.48
396,Hopelchen,MX,2022-08-02 23:41:58,19.7667,-89.85,90.73,39,48,4.09
397,Sao Jose Da Coroa Grande,BR,2022-08-02 23:39:20,-8.8978,-35.1478,75.42,88,82,6.35
398,Hyeres,FR,2022-08-02 23:41:58,43.1167,6.1167,77.68,73,56,0.0
399,Nelipyno,UA,2022-08-02 23:41:59,48.561,23.0315,63.16,80,6,5.44
400,Tiarei,PF,2022-08-02 23:41:59,-17.5333,-149.3333,82.0,74,8,23.06
401,Alizai,PK,2022-08-02 23:41:59,33.5383,70.3462,75.56,64,77,1.77
402,Waingapu,ID,2022-08-02 23:42:00,-9.6567,120.2641,76.93,71,35,4.54
403,Plouzane,FR,2022-08-02 23:42:00,48.3833,-4.6167,62.78,100,100,5.75
404,Kindu,CD,2022-08-02 23:42:00,-2.95,25.95,71.06,83,96,2.42
405,Hermosillo,MX,2022-08-02 23:38:03,29.0667,-110.9667,100.31,41,40,8.01
406,Novo Aripuana,BR,2022-08-02 23:42:01,-5.1206,-60.3797,76.75,83,67,2.46
407,Jega,NG,2022-08-02 23:42:01,12.2175,4.3792,77.11,85,100,5.37
408,Nanortalik,GL,2022-08-02 23:42:01,60.1432,-45.2371,45.5,81,18,9.19
409,Gladstone,AU,2022-08-02 23:40:37,-23.85,151.25,69.78,77,100,4.61
410,Tigil,RU,2022-08-02 23:42:02,57.8,158.6667,55.0,90,100,9.4
411,Tautira,PF,2022-08-02 23:39:42,-17.7333,-149.15,76.95,75,21,21.16
412,Divinopolis,BR,2022-08-02 23:39:44,-20.1389,-44.8839,73.4,39,48,4.68
413,Ilulissat,GL,2022-08-02 23:42:02,69.2167,-51.1,50.02,81,40,4.61
414,Harbour Breton,CA,2022-08-02 23:42:03,47.4833,-55.7983,63.07,91,39,6.62
415,Dingle,PH,2022-08-02 23:42:03,10.9995,122.6711,81.66,82,94,5.57
416,Trairi,BR,2022-08-02 23:38:19,-3.2778,-39.2689,78.08,82,16,10.07
417,Acarau,BR,2022-08-02 23:41:39,-2.8856,-40.12,78.67,83,26,15.01
418,Sakakah,SA,2022-08-02 23:43:04,29.9697,40.2064,92.77,18,1,12.77
419,Fayaoue,NC,2022-08-02 23:38:22,-20.65,166.5333,77.09,81,58,6.33
420,Salalah,OM,2022-08-02 23:43:04,17.0151,54.0924,77.09,94,100,4.61
421,George Town,MY,2022-08-02 23:43:05,5.4112,100.3354,78.73,91,40,9.22
422,Taksimo,RU,2022-08-02 23:43:05,56.3444,114.8794,70.63,70,77,1.92
423,Millinocket,US,2022-08-02 23:43:05,45.6573,-68.7098,73.51,94,75,4.61
424,Marsh Harbour,BS,2022-08-02 23:43:06,26.5412,-77.0636,82.69,65,0,9.66
425,Ambilobe,MG,2022-08-02 23:40:42,-13.2,49.05,60.35,84,0,3.91
426,Antanifotsy,MG,2022-08-02 23:43:06,-19.65,47.3167,43.9,94,52,1.61
427,Hofn,IS,2022-08-02 23:40:32,64.2539,-15.2082,49.05,72,64,10.18
428,Suntar,RU,2022-08-02 23:43:07,62.1444,117.6319,64.98,91,84,5.41
429,Key Largo,US,2022-08-02 23:40:49,25.0865,-80.4473,84.99,58,5,17.6
430,Enna,IT,2022-08-02 23:43:07,37.5588,14.2892,74.23,44,0,3.15
431,Burdur,TR,2022-08-02 23:43:08,37.7203,30.2908,74.1,46,0,21.85
432,Tubuala,PA,2022-08-02 23:39:31,9.5167,-79.0333,78.89,84,100,5.32
433,Lodwar,KE,2022-08-02 23:43:09,3.1191,35.5973,75.76,62,96,3.69
434,Pisco,PE,2022-08-02 23:43:09,-13.7,-76.2167,62.65,72,0,13.8
435,Mwinilunga,ZM,2022-08-02 23:43:10,-11.7358,24.4293,59.09,48,26,4.29
436,Prainha,BR,2022-08-02 23:43:10,-1.8,-53.48,76.37,85,91,3.69
437,Preeceville,CA,2022-08-02 23:43:10,51.95,-102.6677,62.58,77,60,25.26
438,Luba,GQ,2022-08-02 23:43:11,3.4568,8.5547,75.09,83,84,6.87
439,Palu,ID,2022-08-02 23:43:11,-0.8917,119.8707,78.94,89,89,2.01
440,Cabo San Lucas,MX,2022-08-02 23:43:12,22.8909,-109.9124,92.61,55,20,6.91
441,Gohpur,IN,2022-08-02 23:43:12,26.8833,93.6333,77.97,94,100,1.54
442,Megion,RU,2022-08-02 23:43:13,61.0296,76.1136,53.62,78,37,7.38
443,Ziniare,BF,2022-08-02 23:43:13,12.5822,-1.2983,78.84,75,100,8.9
444,Maningrida,AU,2022-08-02 23:43:13,-12.0667,134.2667,80.85,67,65,9.95
445,Say,NE,2022-08-02 23:43:14,13.1007,2.3689,75.76,76,93,7.56
446,Tazovskiy,RU,2022-08-02 23:43:14,67.4667,78.7,50.79,83,58,3.49
447,Bikin,RU,2022-08-02 23:43:14,46.8161,134.26,78.51,86,32,4.97
448,Sri Aman,MY,2022-08-02 23:43:15,1.2376,111.4621,75.25,100,94,0.0
449,Nago,JP,2022-08-02 23:43:15,26.5881,127.9761,86.85,75,6,1.19
450,Bushehr,IR,2022-08-02 23:43:16,28.9684,50.8385,91.49,49,0,0.0
451,Derendingen,CH,2022-08-02 23:43:16,47.1985,7.5884,69.42,78,71,0.0
452,Payakumbuh,ID,2022-08-02 23:43:16,-0.2202,100.6308,69.6,97,100,2.28
453,Dunedin,NZ,2022-08-02 23:39:08,-45.8742,170.5036,54.43,61,18,16.62
454,Te Anau,NZ,2022-08-02 23:43:17,-45.4167,167.7167,48.29,79,94,8.97
455,Celestun,MX,2022-08-02 23:43:18,20.8667,-90.4,83.05,79,36,19.3
456,Zheleznodorozhnyy,RU,2022-08-02 23:43:18,55.7503,38.0042,64.62,63,100,3.06
457,Silanga,PH,2022-08-02 23:43:18,11.8181,124.8431,81.21,81,95,2.64
458,Labuhan,ID,2022-08-02 23:43:19,-6.8844,112.2051,77.23,86,57,6.22
459,Acapulco,MX,2022-08-02 23:43:19,16.8634,-99.8901,85.19,75,4,5.7
460,Sinop,TR,2022-08-02 23:43:19,41.7711,34.8709,62.11,88,8,3.91
461,Thiruvananthapuram,IN,2022-08-02 23:43:20,8.4833,76.9167,76.98,88,75,10.36
462,Ilebo,CD,2022-08-02 23:43:20,-4.3167,20.5833,76.44,60,83,3.06
463,Letlhakane,BW,2022-08-02 23:43:21,-21.4167,25.5833,55.2,74,29,15.39
464,Ust-Nera,RU,2022-08-02 23:43:21,64.5667,143.2,73.85,55,98,6.35
465,College,US,2022-08-02 23:44:21,64.8569,-147.8028,66.29,77,75,12.66
466,Liepaja,LV,2022-08-02 23:43:36,56.5419,21.0367,53.58,94,0,5.75
467,Lubumbashi,CD,2022-08-02 23:42:33,-11.6609,27.4794,56.23,70,0,4.34
468,Lavrentiya,RU,2022-08-02 23:44:22,65.5833,-171.0,58.15,54,15,12.37
469,Morristown,US,2022-08-02 23:40:30,36.214,-83.2949,85.91,67,0,6.91
470,Luau,AO,2022-08-02 23:44:22,-10.7073,22.2247,67.46,35,16,5.73
471,Mantua,IT,2022-08-02 23:44:23,45.1667,10.7833,78.04,76,17,1.01
472,Ust-Kalmanka,RU,2022-08-02 23:44:23,52.1207,83.305,57.02,91,46,7.76
473,Weyburn,CA,2022-08-02 23:43:11,49.6668,-103.8511,79.02,47,24,18.41
474,Manado,ID,2022-08-02 23:44:24,1.487,124.8455,75.97,94,20,3.44
475,Rock Sound,BS,2022-08-02 23:44:24,24.9,-76.2,82.58,71,2,12.26
476,San Fernando,PH,2022-08-02 23:43:05,15.0286,120.6898,82.13,82,100,1.28
477,Calbuco,CL,2022-08-02 23:44:25,-41.768,-73.1273,43.81,79,54,3.71
478,Ocampo,MX,2022-08-02 23:44:25,21.65,-101.5,67.69,49,100,2.26
479,Fairbanks,US,2022-08-02 23:44:25,64.8378,-147.7164,66.31,78,75,12.66
480,Kawalu,ID,2022-08-02 23:44:26,-7.3817,108.2082,71.8,91,71,1.3
481,Goundam,ML,2022-08-02 23:44:26,16.4145,-3.6708,87.35,50,97,9.44
482,Luena,AO,2022-08-02 23:44:27,-11.7833,19.9167,59.07,42,12,3.94
483,Urdoma,RU,2022-08-02 23:44:27,61.7533,48.5442,61.95,78,95,2.73
484,Muskegon,US,2022-08-02 23:44:28,43.3,-86.1334,83.25,49,0,8.05
485,Fortuna,US,2022-08-02 23:44:28,40.5982,-124.1573,74.93,72,20,14.97
486,Chumikan,RU,2022-08-02 23:44:28,54.7183,135.315,54.39,99,100,11.05
487,Gonbad-E Qabus,IR,2022-08-02 23:44:29,37.25,55.1672,82.0,48,0,4.59
488,San Carlos De Bariloche,AR,2022-08-02 23:41:25,-41.1456,-71.3082,35.24,69,0,5.75
489,Maniwaki,CA,2022-08-02 23:44:10,46.3834,-75.966,66.58,55,26,5.75
490,Bardsir,IR,2022-08-02 23:44:29,29.9227,56.5743,71.35,32,1,2.01
491,Gamba,GA,2022-08-02 23:44:30,-2.65,10.0,69.31,96,60,5.68
492,Vengerovo,RU,2022-08-02 23:44:30,55.6848,76.7471,50.83,80,7,6.76
493,Nuuk,GL,2022-08-02 23:40:55,64.1835,-51.7216,50.61,81,40,5.75
494,Mercedes,AR,2022-08-02 23:40:34,-34.6515,-59.4307,55.78,85,33,6.55
495,Road Town,VG,2022-08-02 23:42:37,18.4167,-64.6167,84.29,83,40,10.36
496,Black River,JM,2022-08-02 23:44:31,18.0264,-77.8487,82.72,80,84,5.93
497,Shahreza,IR,2022-08-02 23:44:31,32.0339,51.8794,74.95,25,16,3.04
498,Tucuman,AR,2022-08-02 23:44:32,-26.8241,-65.2226,69.8,49,75,1.14
499,Merauke,ID,2022-08-02 23:44:32,-8.4667,140.3333,80.65,78,69,12.26
500,Malanje,AO,2022-08-02 23:40:51,-9.5402,16.341,62.73,65,11,7.56
501,Abalak,RU,2022-08-02 23:44:33,58.1286,68.5944,50.52,81,16,4.59
502,Sesheke,ZM,2022-08-02 23:44:33,-17.4759,24.2968,62.44,52,4,8.84
503,Kampot,KH,2022-08-02 23:44:34,10.6167,104.1833,78.85,84,97,5.53
504,Hambantota,LK,2022-08-02 23:44:34,6.1241,81.1185,78.08,81,100,27.22
505,Panzhihua,CN,2022-08-02 23:44:35,26.5851,101.7128,70.36,93,81,0.2
506,Carutapera,BR,2022-08-02 23:44:35,-1.195,-46.02,77.25,84,13,8.32
507,Vizinga,RU,2022-08-02 23:44:35,61.0749,50.1031,59.02,81,74,4.61
508,Bastia,FR,2022-08-02 23:44:36,42.6667,9.3333,79.3,68,0,4.61
509,Deputatskiy,RU,2022-08-02 23:41:59,69.3,139.9,48.24,71,98,3.13
510,Pangnirtung,CA,2022-08-02 23:40:46,66.1451,-65.7125,49.01,74,76,1.9
511,Ngorongoro,TZ,2022-08-02 23:44:37,-3.2397,35.4875,46.33,81,45,6.35
512,Waitati,NZ,2022-08-02 23:45:37,-45.75,170.5667,54.91,59,13,7.58
513,Ringsted,DK,2022-08-02 23:45:37,55.4426,11.7901,66.38,72,100,9.33
514,Maple Creek,CA,2022-08-02 23:45:38,49.9168,-109.4848,77.05,25,3,13.8
515,Saint-Paul,RE,2022-08-02 23:45:38,-21.0096,55.2707,66.36,78,12,3.33
516,Segou,ML,2022-08-02 23:45:39,13.4317,-6.2157,80.13,64,98,5.12
517,Marabba,SD,2022-08-02 23:45:39,12.35,32.1833,72.34,91,87,12.57
518,Zaozerne,UA,2022-08-02 23:45:40,45.1582,33.2787,72.07,75,0,10.45
519,Artemisa,CU,2022-08-02 23:45:40,22.814,-82.7561,78.98,74,16,10.49
520,Zastron,ZA,2022-08-02 23:45:40,-30.3023,27.084,50.72,64,100,1.81
521,Sampit,ID,2022-08-02 23:45:41,-2.5333,112.95,74.71,96,72,1.92
522,Springhill,US,2022-08-02 23:45:41,33.006,-93.4668,85.89,50,49,2.35
523,Talnakh,RU,2022-08-02 23:45:42,69.4865,88.3972,45.21,64,2,2.46
524,Aldergrove,CA,2022-08-02 23:44:42,49.058,-122.4709,77.76,57,40,9.22
525,Malakal,SS,2022-08-02 23:45:42,9.5334,31.6605,69.76,92,95,3.44
526,Port-Gentil,GA,2022-08-02 23:45:42,-0.7193,8.7815,75.16,83,40,9.22
527,Nome,US,2022-08-02 23:45:43,64.5011,-165.4064,70.16,71,0,18.41
528,Orange Cove,US,2022-08-02 23:45:43,36.6244,-119.3137,101.79,25,0,4.61
529,Gari,RU,2022-08-02 23:45:44,59.4307,62.3497,51.15,85,3,1.36
530,Peniche,PT,2022-08-02 23:42:18,39.3558,-9.3811,68.29,91,98,15.55
531,San Roque,ES,2022-08-02 23:45:44,36.2107,-5.3842,72.43,94,40,8.05
532,Biak,ID,2022-08-02 23:45:45,-0.9131,122.8766,78.04,79,81,6.17
533,Japura,ID,2022-08-02 23:45:45,-0.3167,102.35,73.31,97,100,3.71
534,Calama,CL,2022-08-02 23:45:46,-22.4667,-68.9333,49.96,26,0,2.75
535,Quelimane,MZ,2022-08-02 23:45:46,-17.8786,36.8883,71.55,83,0,2.3
536,Altamont,US,2022-08-02 23:44:49,42.2068,-121.7372,78.76,68,75,0.0
537,Berlevag,NO,2022-08-02 23:45:47,70.8578,29.0864,55.2,100,100,8.05
538,Luderitz,NA,2022-08-02 23:45:47,-26.6481,15.1594,53.71,80,1,5.44
539,Sisophon,KH,2022-08-02 23:45:47,13.5859,102.9737,77.77,88,96,3.51
540,Minab,IR,2022-08-02 23:45:48,27.1467,57.0801,91.72,55,99,0.0
541,Teahupoo,PF,2022-08-02 23:45:48,-17.8333,-149.2667,75.16,75,27,21.47
542,Kailua,US,2022-08-02 23:40:56,21.4022,-157.7394,84.18,61,20,14.97
543,Stromness,GB,2022-08-02 23:45:41,58.965,-3.296,57.16,89,100,8.99
544,Songea,TZ,2022-08-02 23:45:49,-10.6833,35.65,58.33,75,74,1.83
545,Martyush,RU,2022-08-02 23:45:50,56.4,61.8819,52.7,88,7,6.67
546,Carupano,VE,2022-08-02 23:45:50,10.6678,-63.2585,77.83,89,21,11.52
547,Denpasar,ID,2022-08-02 23:45:50,-8.65,115.2167,76.71,100,40,3.44
548,Navalgund,IN,2022-08-02 23:45:51,15.5667,75.3667,74.1,87,100,6.78
549,Lakatoro,VU,2022-08-02 23:45:51,-16.0999,167.4164,83.23,72,16,8.25
550,Ust-Tsilma,RU,2022-08-02 23:45:52,65.441,52.1498,59.02,66,84,4.32
551,Carbonia,IT,2022-08-02 23:45:52,39.1672,8.5222,79.02,48,19,3.13
552,San Francisco,US,2022-08-02 23:43:26,37.7749,-122.4194,94.32,72,75,28.01
553,Dicabisagan,PH,2022-08-02 23:45:52,17.0818,122.4157,77.97,90,100,1.74
554,Bereda,ES,2022-08-02 23:45:53,43.2686,-7.5406,66.58,100,60,5.35
555,Carlyle,US,2022-08-02 23:45:53,38.6103,-89.3726,85.21,67,0,3.0
556,Cairns,AU,2022-08-02 23:46:54,-16.9167,145.7667,80.11,70,31,12.66
557,Van,TR,2022-08-02 23:46:54,38.4924,43.3831,70.95,37,0,2.3
558,Kharan,PK,2022-08-02 23:44:31,28.5833,65.4167,89.55,22,27,2.01
559,Aitape,PG,2022-08-02 23:46:55,-3.1374,142.3475,84.27,71,100,7.16
560,Moindou,NC,2022-08-02 23:46:55,-21.6924,165.677,75.29,83,92,5.99
561,Knyaze-Volkonskoye,RU,2022-08-02 23:46:56,48.4642,135.4567,77.34,79,48,5.91
562,Arlit,NE,2022-08-02 23:43:26,18.7369,7.3853,93.36,28,0,8.25
563,Oksfjord,NO,2022-08-02 23:46:56,70.2396,22.3479,55.47,94,100,1.63
564,Parati,BR,2022-08-02 23:42:16,-23.2178,-44.7131,65.21,82,1,3.56
565,Vostok,RU,2022-08-02 23:46:23,46.4856,135.8833,77.58,64,60,2.91
566,Gat,IL,2022-08-02 23:46:57,31.61,34.7642,83.39,76,1,2.26
567,Amatenango Del Valle,MX,2022-08-02 23:46:57,16.5167,-92.45,62.53,82,35,7.72
568,Bulgan,MN,2022-08-02 23:46:58,48.8125,103.5347,59.5,96,100,1.57
569,Aksha,RU,2022-08-02 23:46:58,50.2814,113.2867,72.88,65,76,3.27
570,Purranque,CL,2022-08-02 23:46:58,-40.9167,-73.1667,40.33,97,52,0.58
571,Makakilo City,US,2022-08-02 23:46:59,21.3469,-158.0858,82.72,57,75,18.41
572,Seredka,RU,2022-08-02 23:46:59,58.1584,28.1858,55.15,93,97,5.03
573,Pathein,MM,2022-08-02 23:47:00,16.7833,94.7333,77.9,92,87,4.61
574,Muborak,UZ,2022-08-02 23:47:00,39.2553,65.1528,75.97,33,5,1.79
575,Lorengau,PG,2022-08-02 23:47:00,-2.0226,147.2712,84.65,70,88,13.96
576,Amahai,ID,2022-08-02 23:47:01,-3.3333,128.9167,79.47,82,98,2.84
577,Talant,FR,2022-08-02 23:47:01,47.3369,5.0089,70.41,53,0,6.91
578,Saint Simons,US,2022-08-02 23:46:50,31.1352,-81.3901,89.65,62,40,9.22
579,Taltal,CL,2022-08-02 23:45:09,-25.4,-70.4833,56.03,80,15,3.22
580,Stornoway,GB,2022-08-02 23:47:02,58.2093,-6.3865,57.16,92,75,14.97
581,Cururupu,BR,2022-08-02 23:47:02,-1.8283,-44.8683,74.61,89,17,3.78
582,Bonthe,SL,2022-08-02 23:47:03,7.5264,-12.505,75.36,81,99,6.53
583,Iquique,CL,2022-08-02 23:47:03,-20.2208,-70.1431,59.04,79,41,4.76
584,Eydhafushi,MV,2022-08-02 23:47:04,5.1033,73.0708,81.5,76,99,19.24
585,San Pascual,PH,2022-08-02 23:47:04,13.7975,121.0342,79.63,81,87,5.97
586,Kevsala,RU,2022-08-02 23:47:04,45.7983,42.6903,74.79,58,48,3.06
587,Yinchuan,CN,2022-08-02 23:43:11,38.4681,106.2731,81.07,51,39,9.98
588,Ayan,RU,2022-08-02 23:47:05,56.45,138.1667,56.66,96,100,11.61
